{
    "$schema": "https://schema.management.azure.com/schemas/2015-01-01/deploymentParameters.json#",
    "contentVersion": "1.0.0.0",
    "parameters": {
        "apis_PartnerCenterWebhookPOC_path": {
            "value": null
        },
        "sites_partnercenter_name": {
            "value": null
        },
        "serverfarms_ASP_df_984c_name": {
            "value": null
        },
        "components_partnercenter_name": {
            "value": null
        },
        "service_PartnerCenterWebhookPOCapi_name": {
            "value": null
        },
        "workspaces_myapiloganalytics_name": {
            "value": null
        },
        "dashboards_1a096bc2_9e53_4fad_b9d2_031bf25316d4_dashboard_name": {
            "value": null
        },
        "smartdetectoralertrules_failure_anomalies___partnercenter_name": {
            "value": null
        },
        "actiongroups_application_insights_smart_detection_externalid": {
            "value": null
        },
        "workspaces_DefaultWorkspace_91546301_4203_485d_a413_e42ba1f231dd_EUS_externalid": {
            "value": null
        }
    }
}